,EURUSD,GOLD,HYG,LQD,QQQ,SPY,US10Y_YIELD,US2Y_YIELD,US30Y_YIELD,USDJPY
2024-01-02,,,,,,,,,,
2024-01-03,,,,,,,,,,
2024-01-04,,,,,,,,,,
2024-01-05,,,,,,,,,,
2024-01-08,,,,,,,,,,
2024-01-09,,,,,,,,,,
2024-01-10,,,,,,,,,,
2024-01-11,,,,,,,,,,
2024-01-12,,,,,,,,,,
2024-01-15,,,,,,,,,,
2024-01-16,,,,,,,,,,
2024-01-17,,,,,,,,,,
2024-01-18,,,,,,,,,,
2024-01-19,,,,,,,,,,
2024-01-22,,,,,,,,,,
2024-01-23,,,,,,,,,,
2024-01-24,,,,,,,,,,
2024-01-25,,,,,,,,,,
2024-01-26,,,,,,,,,,
2024-01-29,,,,,,,,,,
2024-01-30,,,,,,,,,,
2024-01-31,,,,,,,,,,
2024-02-01,,,,,,,,,,
2024-02-02,,,,,,,,,,
2024-02-05,,,,,,,,,,
2024-02-06,,,,,,,,,,
2024-02-07,,,,,,,,,,
2024-02-08,,,,,,,,,,
2024-02-09,,,,,,,,,,
2024-02-12,,,,,,,,,,
2024-02-13,,,,,,,,,,
2024-02-14,,,,,,,,,,
2024-02-15,,,,,,,,,,
2024-02-16,,,,,,,,,,
2024-02-19,,,,,,,,,,
2024-02-20,,,,,,,,,,
2024-02-21,,,,,,,,,,
2024-02-22,,,,,,,,,,
2024-02-23,,,,,,,,,,
2024-02-26,,,,,,,,,,
2024-02-27,,,,,,,,,,
2024-02-28,,,,,,,,,,
2024-02-29,,,,,,,,,,
2024-03-01,,,,,,,,,,
2024-03-04,,,,,,,,,,
2024-03-05,,,,,,,,,,
2024-03-06,,,,,,,,,,
2024-03-07,,,,,,,,,,
2024-03-08,,,,,,,,,,
2024-03-11,,,,,,,,,,
2024-03-12,,,,,,,,,,
2024-03-13,,,,,,,,,,
2024-03-14,,,,,,,,,,
2024-03-15,,,,,,,,,,
2024-03-18,,,,,,,,,,
2024-03-19,,,,,,,,,,
2024-03-20,,,,,,,,,,
2024-03-21,,,,,,,,,,
2024-03-22,,,,,,,,,,
2024-03-25,,,,,,,,,,
2024-03-26,,,,,,,,,,
2024-03-27,,,,,,,,,,
2024-03-28,,,,,,,,,,
2024-03-29,,,,,,,,,,
2024-04-01,,,,,,,,,,
2024-04-02,,,,,,,,,,
2024-04-03,,,,,,,,,,
2024-04-04,,,,,,,,,,
2024-04-05,,,,,,,,,,
2024-04-08,,,,,,,,,,
2024-04-09,,,,,,,,,,
2024-04-10,,,,,,,,,,
2024-04-11,,,,,,,,,,
2024-04-12,,,,,,,,,,
2024-04-15,,,,,,,,,,
2024-04-16,,,,,,,,,,
2024-04-17,,,,,,,,,,
2024-04-18,,,,,,,,,,
2024-04-19,,,,,,,,,,
2024-04-22,,,,,,,,,,
2024-04-23,,,,,,,,,,
2024-04-24,,,,,,,,,,
2024-04-25,,,,,,,,,,
2024-04-26,,,,,,,,,,
2024-04-29,,,,,,,,,,
2024-04-30,,,,,,,,,,
2024-05-01,,,,,,,,,,
2024-05-02,,,,,,,,,,
2024-05-03,,,,,,,,,,
2024-05-06,,,,,,,,,,
2024-05-07,,,,,,,,,,
2024-05-08,,,,,,,,,,
2024-05-09,,,,,,,,,,
2024-05-10,,,,,,,,,,
2024-05-13,,,,,,,,,,
2024-05-14,,,,,,,,,,
2024-05-15,,,,,,,,,,
2024-05-16,,,,,,,,,,
2024-05-17,,,,,,,,,,
2024-05-20,,,,,,,,,,
2024-05-21,,,,,,,,,,
2024-05-22,,,,,,,,,,
2024-05-23,,,,,,,,,,
2024-05-24,,,,,,,,,,
2024-05-27,,,,,,,,,,
2024-05-28,,,,,,,,,,
2024-05-29,,,,,,,,,,
2024-05-30,,,,,,,,,,
2024-05-31,,,,,,,,,,
2024-06-03,,,,,,,,,,
2024-06-04,,,,,,,,,,
2024-06-05,,,,,,,,,,
2024-06-06,,,,,,,,,,
2024-06-07,,,,,,,,,,
2024-06-10,,,,,,,,,,
2024-06-11,,,,,,,,,,
2024-06-12,,,,,,,,,,
2024-06-13,,,,,,,,,,
2024-06-14,,,,,,,,,,
2024-06-17,,,,,,,,,,
2024-06-18,,,,,,,,,,
2024-06-19,,,,,,,,,,
2024-06-20,,,,,,,,,,
2024-06-21,,,,,,,,,,
2024-06-24,,,,,,,,,,
2024-06-25,,,,,,,,,,
2024-06-26,,,,,,,,,,
2024-06-27,,,,,,,,,,
2024-06-28,,,,,,,,,,
2024-07-01,,,,,,,,,,
2024-07-02,,,,,,,,,,
2024-07-03,,,,,,,,,,
2024-07-04,,,,,,,,,,
2024-07-05,,,,,,,,,,
2024-07-08,,,,,,,,,,
2024-07-09,,,,,,,,,,
2024-07-10,,,,,,,,,,
2024-07-11,,,,,,,,,,
2024-07-12,,,,,,,,,,
2024-07-15,,,,,,,,,,
2024-07-16,,,,,,,,,,
2024-07-17,,,,,,,,,,
2024-07-18,,,,,,,,,,
2024-07-19,,,,,,,,,,
2024-07-22,,,,,,,,,,
2024-07-23,,,,,,,,,,
2024-07-24,,,,,,,,,,
2024-07-25,,,,,,,,,,
2024-07-26,,,,,,,,,,
2024-07-29,,,,,,,,,,
2024-07-30,,,,,,,,,,
2024-07-31,,,,,,,,,,
2024-08-01,,,,,,,,,,
2024-08-02,,,,,,,,,,
2024-08-05,,,,,,,,,,
2024-08-06,,,,,,,,,,
2024-08-07,,,,,,,,,,
2024-08-08,,,,,,,,,,
2024-08-09,,,,,,,,,,
2024-08-12,,,,,,,,,,
2024-08-13,,,,,,,,,,
2024-08-14,,,,,,,,,,
2024-08-15,,,,,,,,,,
2024-08-16,,,,,,,,,,
2024-08-19,,,,,,,,,,
2024-08-20,,,,,,,,,,
2024-08-21,,,,,,,,,,
2024-08-22,,,,,,,,,,
2024-08-23,,,,,,,,,,
2024-08-26,,,,,,,,,,
2024-08-27,,,,,,,,,,
2024-08-28,,,,,,,,,,
2024-08-29,,,,,,,,,,
2024-08-30,,,,,,,,,,
2024-09-02,,,,,,,,,,
2024-09-03,,,,,,,,,,
2024-09-04,,,,,,,,,,
2024-09-05,,,,,,,,,,
2024-09-06,,,,,,,,,,
2024-09-09,,,,,,,,,,
2024-09-10,,,,,,,,,,
2024-09-11,,,,,,,,,,
2024-09-12,,,,,,,,,,
2024-09-13,,,,,,,,,,
2024-09-16,,,,,,,,,,
2024-09-17,,,,,,,,,,
2024-09-18,,,,,,,,,,
2024-09-19,,,,,,,,,,
2024-09-20,,,,,,,,,,
2024-09-23,,,,,,,,,,
2024-09-24,,,,,,,,,,
2024-09-25,,,,,,,,,,
2024-09-26,,,,,,,,,,
2024-09-27,,,,,,,,,,
2024-09-30,,,,,,,,,,
2024-10-01,,,,,,,,,,
2024-10-02,,,,,,,,,,
2024-10-03,,,,,,,,,,
2024-10-04,,,,,,,,,,
2024-10-07,,,,,,,,,,
2024-10-08,,,,,,,,,,
2024-10-09,,,,,,,,,,
2024-10-10,,,,,,,,,,
2024-10-11,,,,,,,,,,
2024-10-14,,,,,,,,,,
2024-10-15,,,,,,,,,,
2024-10-16,,,,,,,,,,
2024-10-17,,,,,,,,,,
2024-10-18,,,,,,,,,,
2024-10-21,,,,,,,,,,
2024-10-22,,,,,,,,,,
2024-10-23,,,,,,,,,,
2024-10-24,,,,,,,,,,
2024-10-25,,,,,,,,,,
2024-10-28,,,,,,,,,,
2024-10-29,,,,,,,,,,
2024-10-30,,,,,,,,,,
2024-10-31,,,,,,,,,,
2024-11-01,,,,,,,,,,
2024-11-04,,,,,,,,,,
2024-11-05,,,,,,,,,,
2024-11-06,,,,,,,,,,
2024-11-07,,,,,,,,,,
2024-11-08,,,,,,,,,,
2024-11-11,,,,,,,,,,
2024-11-12,,,,,,,,,,
2024-11-13,,,,,,,,,,
2024-11-14,,,,,,,,,,
2024-11-15,,,,,,,,,,
2024-11-18,,,,,,,,,,
2024-11-19,,,,,,,,,,
2024-11-20,,,,,,,,,,
2024-11-21,,,,,,,,,,
2024-11-22,,,,,,,,,,
2024-11-25,,,,,,,,,,
2024-11-26,,,,,,,,,,
2024-11-27,,,,,,,,,,
2024-11-28,,,,,,,,,,
2024-11-29,,,,,,,,,,
2024-12-02,,,,,,,,,,
2024-12-03,,,,,,,,,,
2024-12-04,,,,,,,,,,
2024-12-05,,,,,,,,,,
2024-12-06,,,,,,,,,,
2024-12-09,,,,,,,,,,
2024-12-10,,,,,,,,,,
2024-12-11,,,,,,,,,,
2024-12-12,,,,,,,,,,
2024-12-13,,,,,,,,,,
2024-12-16,,,,,,,,,,
2024-12-17,,,,,,,,,,
2024-12-18,,,,,,,,,,
2024-12-19,,,,,,,,,,
2024-12-20,,,,,,,,,,
2024-12-23,,,,,,,,,,
2024-12-24,,,,,,,,,,
2024-12-25,,,,,,,,,,
2024-12-26,,,,,,,,,,
2024-12-27,,,,,,,,,,
2024-12-30,,,,,,,,,,
2024-12-31,,,,,,,,,,
2025-01-01,,,,,,,,,,
2025-01-02,,,,,,,,,,
2025-01-03,,,,,,,,,,
2025-01-06,,,,,,,,,,
2025-01-07,,,,,,,,,,
2025-01-08,,,,,,,,,,
2025-01-09,,,,,,,,,,
2025-01-10,,,,,,,,,,
2025-01-13,,,,,,,,,,
2025-01-14,,,,,,,,,,
2025-01-15,,,,,,,,,,
2025-01-16,,,,,,,,,,
2025-01-17,,,,,,,,,,
2025-01-20,,,,,,,,,,
2025-01-21,,,,,,,,,,
2025-01-22,,,,,,,,,,
2025-01-23,,,,,,,,,,
2025-01-24,,,,,,,,,,
2025-01-27,,,,,,,,,,
2025-01-28,,,,,,,,,,
2025-01-29,,,,,,,,,,
2025-01-30,,,,,,,,,,
2025-01-31,,,,,,,,,,
2025-02-03,,,,,,,,,,
2025-02-04,,,,,,,,,,
2025-02-05,,,,,,,,,,
2025-02-06,,,,,,,,,,
2025-02-07,,,,,,,,,,
2025-02-10,,,,,,,,,,
2025-02-11,,,,,,,,,,
2025-02-12,,,,,,,,,,
2025-02-13,,,,,,,,,,
2025-02-14,,,,,,,,,,
2025-02-17,,,,,,,,,,
2025-02-18,,,,,,,,,,
2025-02-19,,,,,,,,,,
2025-02-20,,,,,,,,,,
2025-02-21,,,,,,,,,,
2025-02-24,,,,,,,,,,
2025-02-25,,,,,,,,,,
2025-02-26,,,,,,,,,,
2025-02-27,,,,,,,,,,
2025-02-28,,,,,,,,,,
2025-03-03,,,,,,,,,,
2025-03-04,,,,,,,,,,
2025-03-05,,,,,,,,,,
2025-03-06,,,,,,,,,,
2025-03-07,,,,,,,,,,
2025-03-10,,,,,,,,,,
2025-03-11,,,,,,,,,,
2025-03-12,,,,,,,,,,
2025-03-13,,,,,,,,,,
2025-03-14,,,,,,,,,,
2025-03-17,,,,,,,,,,
2025-03-18,,,,,,,,,,
2025-03-19,,,,,,,,,,
2025-03-20,,,,,,,,,,
2025-03-21,,,,,,,,,,
2025-03-24,,,,,,,,,,
2025-03-25,,,,,,,,,,
2025-03-26,,,,,,,,,,
2025-03-27,,,,,,,,,,
2025-03-28,,,,,,,,,,
2025-03-31,,,,,,,,,,
2025-04-01,,,,,,,,,,
2025-04-02,,,,,,,,,,
2025-04-03,,,,,,,,,,
2025-04-04,,,,,,,,,,
2025-04-07,,,,,,,,,,
2025-04-08,,,,,,,,,,
2025-04-09,,,,,,,,,,
2025-04-10,,,,,,,,,,
2025-04-11,,,,,,,,,,
2025-04-14,,,,,,,,,,
2025-04-15,,,,,,,,,,
2025-04-16,,,,,,,,,,
2025-04-17,,,,,,,,,,
2025-04-18,,,,,,,,,,
2025-04-21,,,,,,,,,,
2025-04-22,0.5000192663371452,0.5000083094195269,0.5000100712934076,0.5000111338491389,0.5000453403745478,0.5001535327925882,0.5000215466998013,0.5000230160140497,0.5000378090627473,0.5000069536099223
2025-04-23,0.5000084684002072,0.5000062669635829,0.5000047649193559,0.500006270815956,0.5000485330928,0.5002959198393143,0.5000242097037868,0.5000309992470133,0.500070445180349,0.5000001488583758
2025-04-24,0.500030873798163,0.5000230073749206,0.5000077871622873,0.5000322855186661,0.5000007039059353,0.5001340893449578,0.5001199310213426,0.5000816861368724,0.5000486177474321,0.5000142159081189
2025-04-25,0.5000508241036313,0.5000524682928602,0.5000036287988807,0.5000027222667308,0.5000425904537462,0.5004630008521767,0.5002411083890279,0.5001445016628305,0.5001271761595587,0.5000343567446006
2025-04-28,0.5000246272138542,0.5000176112167145,0.5000114111542848,0.5000232537201699,0.5000249469478405,0.5002744023954608,0.500083210177757,0.5000625342223072,0.5000886708710911,0.5000116660607195
2025-04-29,0.5000053394817154,0.5000071104788404,0.5000048155369512,0.5000055947353096,0.5000154945634236,0.5002499097438307,0.5000415973876579,0.5000373006367524,0.5000262328208975,0.5000024249822907
2025-04-30,0.5000041391434206,0.5000003409049198,0.5000009046909358,0.5000028766477983,0.5000247916809024,0.5001507201947846,0.5000157734233075,0.5000154400625618,0.5000185998216197,0.5000068212116247
2025-05-01,0.5000035748657247,0.5000047165639471,0.5000050125300174,0.5000005319394718,0.5000320944394756,0.5002966289924582,0.5000000210447356,0.5000047843285648,0.5000387710613893,0.5000036065897235
2025-05-02,0.5000020399145446,0.5000016535714609,0.5000010670577122,0.5000013054683781,0.5000209221757139,0.5000753643334581,0.5000006605325737,0.5000004803848799,0.5000167693112422,0.5000005509594384
2025-05-05,0.5000059761911178,0.50000477239831,0.500002686698788,0.500002296396137,0.5000367405278174,0.50000018683845,0.5000191490956687,0.5000112683120016,0.5000220856902486,0.5000004487704484
2025-05-06,0.5000011590076475,0.5000040008903658,0.5000008429430107,0.5000013076267141,0.5000425405379478,0.500068380797976,0.5000278823254828,0.5000108818540039,0.500053683836964,0.5000011871021338
2025-05-07,0.500004698432271,0.500005488456445,0.5000006350885452,0.5000004307637196,0.5000391584124071,0.5001006539425635,0.5000208441286559,0.5000097455385961,0.5000556968696861,0.5000019755920706
2025-05-08,0.5000005234036918,0.5000012997140375,0.5000034399558614,0.5000011526919788,0.5000230769849924,0.5001251865866634,0.500009191188821,0.5000120758973953,0.5000342096479717,0.5000003576098669
2025-05-09,0.5000049234240402,0.5000060852260038,0.5000024895414081,0.5000004451251766,0.5000213034736471,0.5003553944133868,0.500027206386062,0.5000114461803542,0.5000504732194427,0.5000011603909673
2025-05-12,0.5000002017549076,0.500001869586105,0.5000026959080468,0.5000014097050836,0.5000171624698603,0.5000122981179346,0.5000028705266542,0.5000016761077741,0.5000313935057064,0.5000002350727788
2025-05-13,0.5000068078614054,0.5000069407544437,0.5000061533140361,0.5000009518205015,0.5000124745398,0.5001636149752544,0.5000312057026678,0.5000139466543947,0.5000359093552607,0.5000009380123348
2025-05-14,0.5000106818659299,0.5000087992771403,0.5000033148251225,0.5000014499364218,0.5000044949488166,0.5001606678788391,0.5000445219495132,0.5000176619678095,0.5000716373280807,0.5000007609020032
2025-05-15,0.5000045731911258,0.500000048547684,0.5000040006507276,0.5000008881470277,0.500027391964228,0.5001178316555364,0.5000073977544898,0.5000007976303696,0.5000094988984747,0.5000001215265018
2025-05-16,0.500005695012091,0.5000029246248268,0.5000080513816841,0.5000012633209947,0.5000033402953415,0.5001077308001912,0.5000200869070659,0.500007520527685,0.5000066618345065,0.5000006439899146
2025-05-19,0.5000127071898328,0.5000000428287498,0.5000071198105163,0.500004243893647,0.5000121566014066,0.5001305045329374,0.5000153856293378,0.500010662057607,0.5000368335158147,0.5000022776580582
2025-05-20,0.5000385694202869,0.5000063502367971,0.5000100551389406,0.5000006836081332,0.5000049343096342,0.5001581225792181,0.5000192995903917,0.5000066808387522,0.5000273233586212,0.5000054545785646
2025-05-21,0.5000104768912257,0.5000074464606946,0.5000048572755955,0.49999999999999933,0.5000736000318196,0.5002657004780651,0.5000107592938913,0.5000022436170459,0.5000662962743952,0.5000019572613059
2025-05-22,0.5000018386912186,0.5000012363088434,0.500000172903349,0.4999979023307396,0.5000123143085264,0.5000825763743125,0.5000000499315163,0.500000001536882,0.5000370544589963,0.5000017629238145
2025-05-23,0.5000019575117067,0.5000001396814598,0.5000000111216628,0.49999770351487327,0.5000036536268024,0.5000292728931837,0.4999999999999852,0.49999999997453215,0.5000090332244425,0.5000006889083249
2025-05-26,0.5000006273144385,0.5000001291557944,0.5000000101149733,0.49999734214472136,0.5000024503855112,0.5000124196566349,0.5000000000005603,0.49999999957023356,0.5000061344123857,0.5000027450926277
2025-05-27,0.5000006529907937,0.5000000730600537,0.5000002114178721,0.49999693899375347,0.5000026063953972,0.5000108359131827,0.5000000000000109,0.49999999996498595,0.5000045961146453,0.5000005831410911
2025-05-28,0.5000031446392117,0.5000001934341569,0.5000000128893891,0.49996979686340737,0.5000016556264386,0.500007873183772,0.4999999996915173,0.4999999715632195,0.5000174863323237,0.5000035845375973
2025-05-29,0.5000000233757611,0.5000000008032375,0.500000000571429,0.4999396133184671,0.5000009092784808,0.5000069830045987,0.49999828932861545,0.4999989612063469,0.5000081975185916,0.5000007030362639
2025-05-30,0.5000000013070914,0.5000000000292828,0.5000000000443443,0.49999839261538737,0.500000150711339,0.5000008986010438,0.49999961994074316,0.4999993920284538,0.5000014331926782,0.5000003576470894
2025-06-02,0.500000001950199,0.500000000407463,0.5000000003895335,0.49998672235610964,0.5000000524625555,0.5000000608439109,0.4999992705896933,0.4999998747223875,0.5000019845506715,0.5000006921313319
2025-06-03,0.5000000048041127,0.5000000001828244,0.5000000000823148,0.4999969037639215,0.5000000066608294,0.5000012447244061,0.4999999145125215,0.4999997105973002,0.500000885136227,0.5000006690241907
2025-06-04,0.5000000026899698,0.5000000004030425,0.5000000013301387,0.49997505894824124,0.500000050678492,0.5000009882862508,0.49999915902835823,0.4999994400505043,0.5000023893395455,0.5000005363851827
2025-06-05,0.5000000014729752,0.5000000000503186,0.5000000000007152,0.4999309260026531,0.5000000902405873,0.500002110734723,0.49999934481510233,0.49999905772360476,0.500001752579495,0.5000003327323688
2025-06-06,0.500000008291616,0.5000000001214056,0.5000000000000213,0.49995906160488923,0.5000000105043467,0.5000012927927857,0.4999988136385123,0.49999920537089865,0.5000018701338798,0.500000470693498
2025-06-09,0.5000001257130302,0.5000000023238838,0.5000000000015763,0.4999459081948473,0.5000002268412538,0.5000057308465582,0.49999903881303953,0.4999986496064792,0.5000064220611031,0.5000014312564138
2025-06-10,0.5000000007170767,0.5000000000087472,0.49999999999932854,0.49999178070943684,0.500000135827245,0.5000008279373355,0.49999446565030997,0.4999988336781511,0.5000027108667672,0.500000631273231
2025-06-11,0.5000000012752734,0.5000000000001336,0.49999999998082423,0.49991428407207905,0.5000000804106252,0.5000032165536323,0.49999703650164506,0.4999983752136058,0.5000011010987608,0.5000001981717863
2025-06-12,0.5000000007746619,0.5000000000010458,0.4999999999986263,0.49996564500710594,0.5000001573151429,0.5000004009268602,0.49999796653837925,0.4999998540989486,0.5000002373143324,0.5000003386388336
2025-06-13,0.4999999999852508,0.5000000000000007,0.49999999996465594,0.49994058409167486,0.500000194365866,0.5000037172286735,0.49999189345111583,0.4999978015406166,0.5000004198890099,0.5000001974792045
2025-06-16,0.4999999770822693,0.49999999997466926,0.4999999996894217,0.4999695495655498,0.5000002472878775,0.5000022426986521,0.4999865246894767,0.49999681530165846,0.5000003172091598,0.5000000520069444
2025-06-17,0.4999999997343658,0.49999999999937544,0.4999999998918033,0.4999513195254355,0.5000005366039766,0.5000078292945203,0.4999947349462873,0.49999788171247295,0.5000000762803414,0.5000000170353449
2025-06-18,0.49999998460111705,0.4999999999998871,0.49999999993499317,0.4999837955215254,0.5000002082154148,0.5000023937957431,0.4999993727963561,0.4999998465318767,0.5000002630040179,0.5000000042854462
2025-06-19,0.4999999997979413,0.5000000000004052,0.4999999999998508,0.4999651803773132,0.5000000267440426,0.5000092123822057,0.4999865700152997,0.49999618769208476,0.5000007179327697,0.5000000204433167
2025-06-20,0.5000000021054107,0.5000000025992688,0.500000000015556,0.4999953050109351,0.5000000011173413,0.5000033687947616,0.4999988364962026,0.49999952925587976,0.5000004926203746,0.5000000616087803
2025-06-23,0.5000000319531558,0.5000000130843498,0.5000000008666792,0.4999821310881811,0.5000000039928951,0.5000037460268365,0.4999996731513806,0.4999997201468933,0.5000004177351152,0.5000000901595751
2025-06-24,0.5000000002643484,0.5000000000903968,0.49999993058029113,0.49989425771858786,0.49999999999906364,0.5000146162247249,0.49999385402495,0.499992303185412,0.5000010361186167,0.5000000500308263
2025-06-25,0.5000004876660351,0.5000012102979443,0.5000054410625254,0.4999958100823528,0.5000105108393225,0.5000986108907006,0.4999999984122381,0.5,0.5000003567934601,0.5000000272224139
2025-06-26,0.5000000395247615,0.5000000624745788,0.5000001384441931,0.49999989025530045,0.5000004469452648,0.5000069735999931,0.49999996955100745,0.4999999999080839,0.5000003891505462,0.5000000573621928
2025-06-27,0.5000000723068498,0.5000001129401738,0.5000002617971221,0.49999969286645196,0.5000008303581526,0.5000173601966308,0.4999999917807494,0.49999999997802325,0.5000003319117579,0.5000000344955277
2025-06-30,0.500000008352876,0.5000000123711742,0.5000003886605251,0.49999984412955045,0.5000002358369584,0.5000105265321201,0.49999999856385935,0.4999999999769008,0.5000000875758698,0.5000000289431847
2025-07-01,0.5000000275217911,0.5000000104614877,0.5000006615699546,0.49999976385785494,0.500000100760049,0.5000089608134906,0.4999999998141071,0.49999999999401284,0.5000000196088275,0.5000000348338356
2025-07-02,0.5000000480732727,0.5000000792324293,0.5000003124024311,0.4999995995769741,0.5000001153797039,0.5000083136514579,0.4999999898092098,0.499999999920761,0.5000003688658308,0.5000000284427144
2025-07-03,0.5000000416509048,0.5000000047970664,0.5000003396252486,0.49999994250885904,0.5000015352602674,0.5000098540929079,0.49999999936223527,0.4999999999931568,0.5000001298718615,0.5000000271649772
2025-07-04,0.5000001699070734,0.5000000496155353,0.5000001250005439,0.49999992288025064,0.5000007629281169,0.5000110497599436,0.4999999887544826,0.4999999999936339,0.5000005624951234,0.5000001104262427
2025-07-07,0.5000000536711942,0.500000106497038,0.5000001597041812,0.4999989807339721,0.50000478771667,0.500054765499539,0.499999999346747,0.4999999998008716,0.5000002199247353,0.5000000239518154
2025-07-08,0.5000000008035954,0.5000000004364122,0.5000000518597466,0.499999866705425,0.5000000004233685,0.500018755193204,0.49999999938372663,0.49999999999462696,0.5000002052621431,0.5000000440834727
2025-07-09,0.5000000039627224,0.500000011529916,0.500000085249856,0.49999992092866785,0.5000003148487805,0.5000148153933042,0.4999999994784092,0.49999999999664047,0.5000001745010174,0.5000000414861153
2025-07-10,0.5000000395948465,0.500000035842567,0.5000002572017782,0.49999984713124135,0.5000002441464015,0.5000086698621447,0.49999999803880474,0.4999999999918797,0.5000006463952892,0.500000103280265
2025-07-11,0.5000000145312757,0.5000000218187428,0.5000001936184368,0.49999994162611816,0.5000024814487327,0.5000421104140429,0.49999999817153606,0.49999999996631517,0.5000006413077851,0.5000002531539953
2025-07-14,0.5000000281915102,0.500000024331151,0.5000001162438498,0.49999959366744284,0.5000005197849257,0.5000061061260725,0.49999999864842326,0.49999999999201755,0.5000004499226671,0.5000000878369328
2025-07-15,0.5000000023207807,0.5000000124047549,0.5000000031812254,0.4999998880405526,0.5000002742457226,0.5000064959242818,0.49999999987623533,0.4999999999972063,0.5000000409269763,0.5000000032147041
2025-07-16,0.5000000730188618,0.5000001023470955,0.5000004464468687,0.4999994289730715,0.5000036418887892,0.5000477612017955,0.49999999852185956,0.4999999999616841,0.5000004908600714,0.500000101043667
2025-07-17,0.5000002002548749,0.5000000105525002,0.5000001281026762,0.4999996363404202,0.500002343016828,0.5000211188049714,0.4999999992168572,0.49999999999999256,0.5000002652797391,0.500000115246484
2025-07-18,0.5000000752253109,0.5000000679416639,0.500000416592474,0.49999989140816287,0.5000032095440794,0.5000324505950474,0.499999999709701,0.4999999999886003,0.5000000985479759,0.5000000068923499
2025-07-21,0.5000000383427325,0.5000000146343461,0.5000002162037279,0.4999995732677538,0.5000003417551806,0.5000218137787868,0.49999999921632277,0.4999999965263329,0.5000002666352776,0.500000091105975
2025-07-22,0.5000000062383775,0.5000000057658246,0.5000001204855771,0.49999978228518166,0.5000005152551055,0.5000068623447846,0.49999999896035574,0.49999999981329435,0.5000003474170136,0.5000000476406232
2025-07-23,0.500000006572688,0.5000000068493583,0.5000000555054276,0.49999980970151764,0.5000002798303091,0.5000123844967665,0.49999999952391494,0.49999999946523155,0.5000001572460626,0.5000000211295013
2025-07-24,0.5000000320642192,0.500000007260376,0.5000001007314052,0.4999993033183232,0.5000001254476736,0.5000091343689688,0.49999999760994257,0.4999999935098355,0.5000008062946227,0.500000279812272
2025-07-25,0.5000000009486202,0.5000000032604976,0.5000000709455437,0.49999984653978724,0.5000000392824525,0.5000007107090534,0.49999999937670503,0.49999999897895164,0.5000002158784795,0.5000001247559159
2025-07-28,0.5000000306699011,0.5000000058474652,0.5000003288868505,0.49999924176839894,0.5000002781576045,0.5000140788348509,0.4999999963514571,0.4999999924690461,0.500001206125068,0.5000002280079742
2025-07-29,0.5000000031311859,0.5000000006964751,0.5000000677074452,0.4999999458462594,0.5000000206267704,0.5000013766430834,0.4999999987104155,0.4999999998200657,0.5000004611277151,0.5000001409017104
2025-07-30,0.5000000199378772,0.5000000045444329,0.5000003029717488,0.499999369258992,0.500000413752306,0.5000146726868804,0.4999999980061288,0.49999999432000874,0.5000006815156126,0.5000000603404556
2025-07-31,0.5000000005111921,0.5000000000004414,0.500000004778321,0.49999863159586533,0.5000000122041937,0.5000023854740208,0.4999999963275002,0.4999998782170938,0.5000011196917009,0.5000001889912586
2025-08-01,0.5000000002563857,0.5000000000031638,0.5000000091222349,0.49999972494037975,0.5000000219253858,0.5000018967101951,0.4999999996968646,0.4999999802266523,0.5000000911281607,0.500000021909189
2025-08-04,0.5000000000132636,0.5000000000012929,0.5000000038387008,0.4999992512786312,0.5000000049726246,0.5000007501631232,0.4999999994529173,0.4999999704480591,0.5000001641377287,0.5000001730784857
2025-08-05,0.5000000001608484,0.5000000000049606,0.5000000090405106,0.49999955430897847,0.5000000382370849,0.5000030374144034,0.4999999999711213,0.49999996311845285,0.5000000086619645,0.5000001373739418
2025-08-06,0.5000000006464901,0.49999999999993544,0.5000000044474555,0.499998837974132,0.5000000080917442,0.5000031690426364,0.49999999520734284,0.49999968393520544,0.5000014448177816,0.5000005387014096
2025-08-07,0.5000000011327044,0.5,0.5000000205143073,0.4999996690099272,0.5000000222170579,0.5000028316720874,0.499999999884035,0.49999996896337784,0.5000000348266443,0.500000052728202
2025-08-08,0.5000000032660966,0.5000000000000049,0.5000000371626507,0.4999998875597699,0.5000000189582685,0.5000004144144287,0.49999999643526905,0.49999995797894825,0.5000010711684211,0.5000003628828875
2025-08-11,0.5000000011012208,0.4999999999675617,0.5000000203142538,0.4999998610513991,0.5000000220714158,0.5000049014325526,0.4999999964973338,0.4999998539311237,0.5000009117172981,0.5000001517346025
2025-08-12,0.5000000004979913,0.4999999939044611,0.5000000006936239,0.49999933418232434,0.500000002496263,0.5000026769529043,0.4999999940661359,0.49999887252207076,0.5000012790418459,0.5000001211214483
2025-08-13,0.5000000003712877,0.49999999973703824,0.5000000000026574,0.4999992518397973,0.5000000000139766,0.5000003156128168,0.4999999959498552,0.49999965819086345,0.5000011108458302,0.5000009696187517
2025-08-14,0.5000000004476658,0.4999999990069922,0.5000000000088078,0.49999952318222973,0.5000000000600059,0.5000012888478982,0.4999999983521174,0.49999947481976065,0.5000004114015809,0.5000000697785294
2025-08-15,0.5000000007260493,0.4999999996842653,0.5000000000707561,0.49999974915410006,0.5000000001023788,0.5000006602663144,0.4999999972235058,0.49999975469570246,0.5000007299930522,0.5000001515124528
2025-08-18,0.5000000030480312,0.49999999988036437,0.5000000005443833,0.4999996885992018,0.5000000001622475,0.5000008839375806,0.4999999967182759,0.49999963582811924,0.5000009609530209,0.5000002297079883
2025-08-19,0.5000000304618272,0.4999999999998116,0.5000000149399528,0.4999997579655022,0.5000000011827024,0.5000022306806313,0.4999999966492849,0.49999983992181374,0.5000011486742156,0.5000001101376442
2025-08-20,0.5000000188235001,0.5000000000011277,0.5000000075855148,0.4999999616122415,0.5000000103264832,0.5000022174540447,0.49999999959421715,0.49999997862554274,0.5000001429019469,0.5000000349938262
2025-08-21,0.5000000211001591,0.5000000000000002,0.500000007298117,0.4999999799838929,0.5000000001533649,0.5000004597570747,0.499999997767692,0.4999999875968443,0.5000007678594091,0.5000001662778883
2025-08-22,0.5000000025217185,0.4999999992558405,0.5000001908299624,0.4999995672279506,0.5000000234620869,0.5000057380992331,0.4999999918668996,0.499999585274332,0.500002119453667,0.5000003512496695
2025-08-25,0.5000000000056324,0.49999999999738176,0.500000001286675,0.49999999477550766,0.5000000000132097,0.5000012231175281,0.49999999955736435,0.4999999930984639,0.5000001174109198,0.5000000137702403
2025-08-26,0.5000000000544096,0.49999999999915784,0.5000000058367448,0.49999997337870516,0.5000000008004276,0.5000000718876341,0.4999999998940212,0.4999999912884413,0.5000000281206499,0.5000000131800351
2025-08-27,0.5000000008420848,0.49999999999159794,0.5000000614929618,0.49999992595356835,0.5000000065703872,0.5000022504499205,0.49999999598243683,0.4999999390411343,0.5000010518055387,0.5000000459673097
2025-08-28,0.500000000115599,0.49999999999911393,0.5000000069252621,0.4999999956518504,0.5000000019987235,0.5000003661931609,0.4999999996309441,0.49999999082867486,0.5000000938332039,0.5000000703999492
2025-08-29,0.5000000003382169,0.4999999999964285,0.5000000082654001,0.4999999854934034,0.5000000040800081,0.500001540578032,0.49999999784725824,0.4999999784980115,0.5000005537806564,0.5000000416865698
2025-09-01,0.5000000010409378,0.4999999999999707,0.5000000068939353,0.49999998985979444,0.5000000002888867,0.5000004360659284,0.49999999789924965,0.49999999863111216,0.5000005724350683,0.5000000876813206
2025-09-02,0.5000000003239295,0.4999999999944176,0.5000000223336991,0.4999999689748589,0.5000000045178014,0.5000023091625363,0.49999999491319613,0.4999999692703771,0.5000011990804163,0.5000001007534336
2025-09-03,0.5000000000345867,0.49999999999959627,0.5000000010514652,0.49999999138539597,0.5000000013824364,0.5000002970430506,0.4999999994768033,0.4999999951589541,0.5000001183209117,0.5000000145490959
2025-09-04,0.5000000000842325,0.4999999999989263,0.5000000268761551,0.4999999928489434,0.5000000040429193,0.5000012241235793,0.49999999936818984,0.4999999843418688,0.5000001421032921,0.5000000403015502
2025-09-05,0.500000000308202,0.4999999999967981,0.500000013019103,0.4999999924948007,0.5000000012339209,0.5000002498810104,0.4999999955731468,0.4999999919024845,0.5000009605822888,0.5000001610472453
2025-09-08,0.5000000004556052,0.4999999999992593,0.500000015469289,0.4999999929161292,0.5000000016373185,0.5000009801338667,0.49999999998198363,0.49999998972652193,0.5000000038798315,0.5000000368720057
2025-09-09,0.5000000001552662,0.49999999999979344,0.5000000191512066,0.49999999251763166,0.5000000008281432,0.5000003525909225,0.49999999874636014,0.49999999242533216,0.5000002700945532,0.5000001274679283
2025-09-10,0.5000000002259484,0.4999999999974052,0.5000000055320326,0.49999999872642076,0.5000000003575242,0.5000003966276314,0.4999999961922402,0.49999999114147936,0.5000008632824127,0.5000002440038205
2025-09-11,0.5000000000917314,0.49999999999881384,0.5000000017397145,0.4999999998122955,0.5000000017819671,0.5000007231024858,0.4999999992391304,0.4999999950644437,0.5000001660169682,0.5000000461372784
2025-09-12,0.5000000011469433,0.4999999999406799,0.5000000577695068,0.49999997839828625,0.5000000085313506,0.5000039501309722,0.4999999898749845,0.4999999031318045,0.5000020237247107,0.5000002610646216
2025-09-15,0.5000000025587882,0.4999999999998861,0.5000000713107913,0.49999999847056353,0.500000002263768,0.5000005010408572,0.49999999832085185,0.49999999492862424,0.500000406332027,0.5000000062151037
2025-09-16,0.5000000017893946,0.49999999999998535,0.5000000003954512,0.49999999959724845,0.5000000027897437,0.5000004879172393,0.49999999591993816,0.4999999965788418,0.5000010952258045,0.5000001867395979
2025-09-17,0.5000000019985881,0.49999999999999917,0.500000026307303,0.49999999917574134,0.5000000016841353,0.5000004302548493,0.49999999918766996,0.49999999724909183,0.5000002301060563,0.5000000004801737
2025-09-18,0.5000000005677072,0.49999999999999944,0.5000000245268666,0.4999999995409533,0.5000000044123676,0.5000010531296546,0.4999999995997324,0.49999999675103846,0.5000001139492984,0.5000000804094619
2025-09-19,0.5000000017725146,0.49999999999999845,0.5000000059356657,0.4999999996120743,0.5000000018047445,0.500000301268942,0.49999999745641377,0.499999998518813,0.5000007119903396,0.5000000729765953
2025-09-22,0.5000000026466416,0.49999999999999867,0.5000000003807678,0.4999999992026062,0.5000000016586668,0.5000002604885034,0.49999999852417365,0.49999999604148143,0.5000003879757066,0.5000000153329514
2025-09-23,0.5000000002522855,0.49999999999998723,0.5000000568328914,0.4999999969229914,0.5000000000990568,0.5000009203669459,0.49999999923718497,0.49999999644848986,0.5000001970838347,0.5000000043475081
2025-09-24,0.5000000008978054,0.49999999999999895,0.5000000105618474,0.49999999906091486,0.500000001638632,0.5000007091045088,0.49999999935795103,0.4999999985360296,0.5000001671294056,0.5000000043027897
2025-09-25,0.5000000008837282,0.499999999999999,0.500000033307947,0.4999999992234201,0.5000000004198479,0.5000006153154821,0.49999999998910594,0.4999999971163469,0.5000000028330966,0.5000000208873868
2025-09-26,0.5000000002260597,0.5,0.5000000169865919,0.4999999999493759,0.5000000069930945,0.5000008167521874,0.49999999804092043,0.4999999981171884,0.5000005099343185,0.5000000794584087
2025-09-29,0.5000000013479218,0.4999999999999982,0.5000000410997102,0.49999999934345574,0.5000000001555832,0.5000000716903529,0.49999999841335685,0.4999999984211583,0.5000003941812607,0.5000000366794572
2025-09-30,0.5000000042891865,0.4999999999999996,0.5000000492537451,0.499999999614548,0.5000000042062334,0.5000005688224787,0.4999999983138569,0.49999999665601713,0.500000436366294,0.5000000291679103
2025-10-01,0.5000000016534862,0.5,0.5000000246545,0.49999999977388737,0.500000002254125,0.5000005365765856,0.4999999988188031,0.4999999985936603,0.5000002951640627,0.5000000298465362
2025-10-02,0.50000000308173,0.4999999999999991,0.500000010900036,0.49999999998647937,0.500000006625288,0.5000008838710406,0.499999997202989,0.49999999788918925,0.5000006633084035,0.5000000311495709
2025-10-03,0.5000000031508405,0.4999999999999999,0.500000022144278,0.499999999912324,0.5000000003546039,0.5000001800273879,0.49999999900895775,0.4999999994693886,0.5000002437745691,0.5000000142611523
2025-10-06,0.5000000091404324,0.49999999999977984,0.500000134008235,0.49999999943288764,0.5000000128589933,0.5000022593222465,0.49999998906450216,0.4999999853316905,0.5000023375098319,0.5000000606530971
2025-10-07,0.5000000018245037,0.5,0.5000000371281395,0.4999999999524789,0.5000000012830891,0.5000005016219335,0.49999999912993953,0.4999999993091596,0.50000021130206,0.5000000135344635
2025-10-08,0.5000000025963178,0.5,0.5000000053558395,0.49999999992816146,0.5000000047653552,0.5000008589834577,0.49999999961399855,0.4999999981513339,0.5000000941361021,0.5000000266594276
2025-10-09,0.5000000059073226,0.5,0.5000000777366651,0.49999999993709576,0.5000000045221024,0.5000007573198887,0.4999999945386393,0.4999999969582812,0.5000012971414203,0.500000037635567
2025-10-10,0.5000000025389169,0.49999999999999833,0.5000000127004074,0.4999999999065388,0.5000000054992966,0.5000007468607,0.49999999683195107,0.49999999608754964,0.5000005922938868,0.5000000089388864
2025-10-13,0.5000000027304864,0.5,0.5000001272017721,0.4999999999193796,0.5000000006848289,0.5000009571640688,0.49999999619190094,0.49999999650531124,0.5000008389734495,0.5000000049952863
2025-10-14,0.5000000149251544,0.500000000000876,0.5000002592829931,0.4999999999853528,0.5000000127182743,0.5000019514337168,0.4999999943620873,0.49999999814725526,0.5000019425328898,0.5000000283521344
2025-10-15,0.5000000029745703,0.5000000000000004,0.5000000926882954,0.49999999998437156,0.5000000039511726,0.500001326854337,0.4999999948434267,0.49999999689363406,0.500001005383923,0.5000000105745928
2025-10-16,0.5000000008902266,0.5,0.5000000195898924,0.49999999999797595,0.5000000012915882,0.5000004477006084,0.49999999607129686,0.4999999994304675,0.5000005996831124,0.5000000085545965
2025-10-17,0.5000000007218655,0.49999999999999956,0.5000002627995569,0.4999999999601281,0.5000000180667232,0.5000039776340567,0.49999998554875735,0.49999999024978187,0.500001384869751,0.5000000040784024
2025-10-20,0.5000000002049667,0.5000000000000003,0.5000000363593665,0.4999999999871391,0.5000000008436705,0.5000000016828788,0.49999999752943264,0.49999999978287213,0.5000003229756007,0.5000000037376074
2025-10-21,0.5000000002097196,0.500000000000002,0.5000000204042812,0.4999999999684973,0.5000000029163327,0.500000780407262,0.49999999458348976,0.4999999983288187,0.5000008371025704,0.5000000030015459
2025-10-22,0.5000000058621771,0.49999999999996647,0.5000001994104748,0.49999999931554806,0.5000000441792571,0.5000048272607217,0.4999999808355784,0.4999999790236665,0.5000012966069999,0.5000000077711337
2025-10-23,0.5000000000777487,0.49999999999999456,0.5000000034416637,0.4999999999846162,0.5000000024494871,0.500000106137447,0.4999999979669397,0.49999999986554833,0.5000001148140191,0.5000000007915901
2025-10-24,0.5000000010764312,0.4999999999999628,0.5000000419857872,0.49999999998646316,0.5000000089039989,0.5000008560229853,0.49999999211045865,0.49999999653448246,0.500000420900528,0.5000000013667805
2025-10-27,0.5000000002165768,0.49999999999999806,0.5000000083331722,0.4999999999958084,0.5000000003704094,0.5000003589982822,0.4999999961500219,0.4999999991013302,0.5000002424231691,0.500000001351944
2025-10-28,0.5000000027298712,0.49999999999998657,0.5000000686722811,0.4999999999830845,0.5000000169845679,0.5000009955616028,0.4999999907964776,0.49999999551863056,0.5000007496726833,0.5000000035347635
2025-10-29,0.5000000012421401,0.4999999999999988,0.5000000163912199,0.4999999999887373,0.5000000018124223,0.5000003952998927,0.4999999977790853,0.49999999954085766,0.5000001596778079,0.5000000016427881
2025-10-30,0.5000000005165091,0.499999999999972,0.5000001031038469,0.49999999991724864,0.5000000243541526,0.5000012978265308,0.4999999825634467,0.49999999277450446,0.5000010311843461,0.5000000025794569
2025-10-31,0.5000000004992303,0.5000000000008155,0.500000066792307,0.4999999999987984,0.5000000047063426,0.5000007950576292,0.4999999944806425,0.49999999867608813,0.5000011805167225,0.5000000059436597
2025-11-03,0.5000000001180923,0.5000000000000144,0.5000000785665315,0.4999999999998085,0.5000000033424706,0.5000000855572971,0.49999999942024986,0.49999999985693655,0.5000001065744363,0.5000000010229892
2025-11-04,0.5000000002493756,0.5000000000001863,0.5000001057723833,0.49999999999975187,0.5000000138449049,0.5000022262676003,0.49999999707017917,0.49999999900592984,0.5000005037086501,0.5000000004039237
2025-11-05,0.5000000002925667,0.5000000000000212,0.5000000844981212,0.49999999999971656,0.5000000123416212,0.5000013829722518,0.49999999949347895,0.49999999876808154,0.5000000883043367,0.5000000040073125
2025-11-06,0.5000000003930762,0.5000000000000077,0.5000000203879442,0.4999999999974979,0.5000000070063413,0.5000004818503526,0.49999999795551703,0.4999999983647695,0.5000003609268818,0.5000000007694383
2025-11-07,0.5000000001101039,0.5000000000000006,0.5000000345520556,0.4999999999937861,0.5000000022063009,0.5000001517968117,0.4999999987506198,0.4999999999368102,0.5000002035810256,0.5000000014837586
2025-11-10,0.5000000019329995,0.4999999999999997,0.5000001891915313,0.4999999999796677,0.500000019480755,0.5000014776731585,0.4999999822661679,0.4999999939271498,0.5000018609769018,0.5000000055990593
2025-11-11,0.5000000017984603,0.5000000000000506,0.5000000278146952,0.49999999999631345,0.5000000031451571,0.5000000562834186,0.49999999742667967,0.4999999990192508,0.5000017309777243,0.5000000184959017
2025-11-12,0.5000000016956938,0.5000000000000014,0.5000001785738609,0.4999999999956499,0.5000000090409993,0.5000014995746187,0.49999999692915664,0.4999999971245635,0.5000010062618534,0.5000000059351875
2025-11-13,0.5000000003094018,0.5000000000000003,0.5000000141665069,0.49999999999003975,0.5000000144345222,0.5000011573245084,0.499999999523854,0.4999999991280747,0.5000001755277259,0.5000000018301384
2025-11-14,0.5000000005607798,0.500000000000002,0.5000001412520066,0.4999999999934163,0.5000000015290429,0.5000003533163345,0.49999999865894795,0.4999999997556908,0.5000005239748428,0.5000000033883061
2025-11-17,0.5000000026375099,0.5000000000000278,0.5000004904410347,0.49999999995017386,0.5000000233663684,0.5000012996501827,0.4999999998810487,0.49999999844130794,0.5000000464988168,0.5000000053141971
2025-11-18,0.5000000003252857,0.500000000000004,0.5000001495403811,0.49999999998527245,0.5000000035178107,0.5000006153917202,0.499999998730662,0.49999999983956034,0.5000004948531044,0.5000000069331658
2025-11-19,0.5000000007285008,0.5000000000000292,0.5000000259630505,0.49999999997891936,0.5000000206187147,0.5000012504418502,0.4999999958458634,0.4999999995865947,0.5000011006670438,0.5000000074644637
2025-11-20,0.5000000014592926,0.5000000000001099,0.5000002292175937,0.49999999995971345,0.5000000052389582,0.5000005772949914,0.49999999809463935,0.4999999991248381,0.5000008536839401,0.500000001785392
2025-11-21,0.5000000021747274,0.500000000000264,0.5000001548404471,0.4999999999201626,0.5000000059544754,0.500000685821478,0.4999999976977523,0.4999999998494712,0.5000019882459227,0.5000000164264896
2025-11-24,0.5000000012788439,0.500000000000038,0.500000299925414,0.49999999996660993,0.5000000012758983,0.500000092443401,0.4999999925976624,0.4999999990814864,0.5000013118467941,0.5000000013529036
2025-11-25,0.5000000098815084,0.5000000000516429,0.5000006916617608,0.49999999998327294,0.5000000174249237,0.5000019584138249,0.49999999903642645,0.4999999990466275,0.5000089597526789,0.5000000200176639
2025-11-26,0.5000000033665944,0.500000000009011,0.5000000557344088,0.4999999999983066,0.5000000034074609,0.5000000493186185,0.4999999999737626,0.49999999996039257,0.5000023133879199,0.5000000304726213
2025-11-27,0.5000000052438371,0.5000000000203983,0.5000002338946075,0.4999999999985608,0.5000000057094085,0.500000124926459,0.49999999998226663,0.499999999768058,0.5000028682447117,0.5000000180936803
2025-11-28,0.5000000153879868,0.5000000000796592,0.5000003819412815,0.49999999999857664,0.5000000088400562,0.5000007972124916,0.4999999999922547,0.4999999996171077,0.5000093509726575,0.5000000608268483
2025-12-01,0.5000000733969971,0.5000000011176884,0.5000017663197541,0.4999999999880136,0.5000000340097116,0.5000037267746612,0.500000000000002,0.4999999999644371,0.5000180047296572,0.5000000279733843
2025-12-02,0.5000000136410342,0.5000000000866187,0.5000004080701674,0.49999999996498135,0.5000000082093455,0.5000013689460269,0.49999999999993905,0.49999999934261047,0.5000062548258953,0.50000000338121
2025-12-03,0.5000000309905825,0.5000000000157261,0.5000002079440987,0.4999999999966789,0.5000000013547964,0.5000007275340033,0.49999999998450906,0.49999999768818526,0.5000082014506556,0.5000001162568275
2025-12-04,0.5000000048436097,0.5000000000014264,0.500000178944614,0.4999999999778243,0.5000000023443197,0.5000005400491927,0.4999999999772531,0.4999999965194062,0.5000017237400507,0.5000000591141999
2025-12-05,0.5000000259676758,0.5000000000147397,0.5000002616131969,0.49999999998378664,0.5000000121017882,0.5000010057901111,0.4999999999848674,0.4999999980185559,0.5000055082185563,0.5000000902146968
2025-12-08,0.5000000043967567,0.500000000000993,0.5000001573203633,0.4999999999838953,0.5000000022288966,0.5000003707730057,0.49999999999694794,0.499999997462077,0.500000536331106,0.5000000369393456
2025-12-09,0.5000000008653314,0.5000000000011873,0.5000001649252034,0.4999999999978604,0.5000000016626511,0.5000004430350116,0.4999999999947865,0.4999999992789383,0.5000010222091396,0.5000000031798206
2025-12-10,0.5000000073298427,0.5000000000012697,0.500000094447042,0.4999999999607345,0.5000000004983252,0.5000001588693346,0.49999999995082167,0.4999999973548461,0.5000045597234031,0.5000000900276018
2025-12-11,0.5000000081121735,0.5000000000001485,0.5000001221278618,0.4999999999281485,0.5000000037589037,0.5000004511663511,0.49999999778778026,0.49999999481266477,0.5000018969591831,0.500000071626771
2025-12-12,0.500000005372328,0.5000000000017298,0.5000001641090308,0.4999999999859207,0.5000000099840815,0.5000008299588228,0.4999999999500985,0.4999999973950341,0.5000028716179913,0.5000000091566358
2025-12-15,0.500000018230448,0.5000000000066729,0.5000002321290842,0.4999999999604793,0.5000000458527496,0.5000026686511073,0.49999999999336076,0.4999999987753559,0.5000013514296737,0.500000005070887
2025-12-16,0.500000013027692,0.5000000000004051,0.5000002804168074,0.4999999999839076,0.5000000027096394,0.5000002459136771,0.49999999999590616,0.49999999980240784,0.5000006733246163,0.5000000111387854
2025-12-17,0.5000000089469913,0.5000000000007216,0.500000124619634,0.49999999989960175,0.5000000020408707,0.500000299293533,0.49999999999479294,0.4999999997984922,0.5000010670937135,0.5000000137185266
2025-12-18,0.5000000193676442,0.5000000000007929,0.5000001291853841,0.49999999995331224,0.500000011390285,0.5000002811452657,0.4999999999998056,0.4999999997677049,0.5000000377419569,0.5000000244898255
2025-12-19,0.5000000109525241,0.5000000000030921,0.5000002302672335,0.4999999999764048,0.5000000040680689,0.5000011889148671,0.4999999999982937,0.4999999994669668,0.5000003334578861,0.5000000012468699
2025-12-22,0.5000000173266395,0.5000000000007384,0.5000003332193204,0.4999999999650887,0.5000000229566685,0.500000595815534,0.4999999999898006,0.4999999996481175,0.5000007066213679,0.5000000033657417
2025-12-23,0.500000010152698,0.5000000000003946,0.5000001117765203,0.4999999999561314,0.5000000166896562,0.500000940694197,0.49999999994011723,0.4999999995475368,0.5000013689163243,0.500000039303812
2025-12-24,0.5000000060844788,0.5000000000000007,0.500000194896711,0.4999999996353969,0.5000000123737558,0.5000001033452978,0.49999999696958075,0.4999999967395313,0.500000733940717,0.500000007603999
2025-12-25,0.5000000028322029,0.5000000000000002,0.5000001334974322,0.49999999959808616,0.500000028998502,0.5000007734535783,0.49999999813073237,0.49999999783268967,0.5000005342939859,0.500000001713536
2025-12-26,0.5000000022308313,0.5,0.500000040344374,0.4999999990512207,0.5000000167448291,0.5000006390865134,0.49999999152572183,0.4999999976716213,0.5000006867372542,0.5000000015383581
2025-12-29,0.5000000003432623,0.499999999999694,0.5000002543763177,0.4999999992666082,0.5000000279852771,0.5000005683629533,0.49999999211517876,0.4999999967653304,0.5000001835890817,0.5000000000218945
2025-12-30,0.500000000370004,0.49999999999578015,0.5000003304444776,0.4999999999736642,0.5000001535678829,0.5000011066610615,0.4999999460652992,0.49999999253828686,0.5000015052633227,0.5000000000165447
2025-12-31,0.5000000002891694,0.4999999999897592,0.500000527041284,0.49999994021232197,0.5000003280031209,0.5000009021278039,0.4999999402834234,0.49999999185125377,0.5000002592958368,0.5000000000000002
